OrderID,CustomerID,ProductID,Quantity,OrderDate,TotalAmount
1,CUST1222,PRD2040,5,2025-05-10,5222.3
2,CUST1429,PRD2418,1,2025-02-23,817.44
3,CUST1563,PRD2268,1,2024-10-17,113.38
4,CUST1257,PRD2611,1,2024-08-27,301.84
5,CUST1360,PRD2348,3,2025-02-14,2660.79
6,CUST1131,PRD2449,3,2025-06-13,2251.8
7,CUST1731,PRD2563,1,2025-04-09,338.77
8,CUST1755,PRD2408,1,2025-02-27,978.28
9,CUST1105,PRD2466,4,2024-11-05,2220.44
10,CUST1440,PRD2589,3,2024-08-02,2150.16
11,CUST1327,PRD2788,5,2025-07-13,391.4
12,CUST1559,PRD2527,1,2024-08-09,562.59
13,CUST1692,PRD2089,1,2024-09-05,916.63
14,CUST1530,PRD2630,5,2024-08-01,3941.95
15,CUST1113,PRD2253,5,2025-01-24,930.5
16,CUST1001,PRD2701,5,2024-10-18,2501.4
17,CUST1455,PRD2640,2,2025-06-21,814.9
18,CUST1722,PRD2175,1,2025-03-26,83.6
19,CUST1151,PRD2391,3,2024-08-23,1124.28
20,CUST1349,PRD2297,2,2024-12-07,413.2
21,CUST1368,PRD2505,3,2025-01-24,2490.21
22,CUST1008,PRD2661,4,2025-02-01,3856.8
23,CUST1742,PRD2070,2,2024-11-13,1046.96
24,CUST1047,PRD2038,4,2025-05-10,1643.68
25,CUST1769,PRD2242,1,2024-08-28,370.9
26,CUST1719,PRD2636,2,2024-09-25,631.74
27,CUST1506,PRD2731,4,2025-05-30,4131.84
28,CUST1237,PRD2161,2,2025-01-10,1433.92
29,CUST1269,PRD2129,1,2025-02-12,118.16
30,CUST1269,PRD2710,5,2025-03-16,4312.8
31,CUST1428,PRD2190,5,2025-07-12,5812.55
32,CUST1458,PRD2382,3,2024-12-13,201.87
33,CUST1630,PRD2102,5,2024-09-03,3951.3
34,CUST1322,PRD2585,5,2024-12-16,2881.4
35,CUST1218,PRD2450,2,2025-02-22,1030.1
36,CUST1367,PRD2519,5,2025-04-01,5004.55
37,CUST1051,PRD2658,1,2025-02-05,726.17
38,CUST1657,PRD2607,5,2025-06-29,5036.95
39,CUST1572,PRD2246,1,2025-06-12,252.99
40,CUST1463,PRD2195,5,2025-02-02,1940.5
41,CUST1086,PRD2324,1,2025-06-18,793.25
42,CUST1788,PRD2581,1,2024-08-04,552.48
43,CUST1622,PRD2429,1,2024-08-22,828.09
44,CUST1083,PRD2284,2,2025-04-03,880.78
45,CUST1329,PRD2506,3,2024-08-18,1612.53
46,CUST1456,PRD2469,3,2025-06-26,3527.04
47,CUST1094,PRD2077,1,2025-01-04,456.73
48,CUST1280,PRD2515,1,2025-07-15,237.54
49,CUST1716,PRD2518,3,2024-08-25,392.64
50,CUST1051,PRD2072,1,2025-01-02,1172.54
51,CUST1597,PRD2731,1,2025-03-18,1032.96
52,CUST1280,PRD2767,3,2024-12-21,689.97
53,CUST1673,PRD2334,3,2024-12-25,932.64
54,CUST1684,PRD2472,3,2024-11-29,1213.14
55,CUST1364,PRD2778,4,2024-08-04,2502.56
56,CUST1682,PRD2096,1,2025-03-09,69.78
57,CUST1741,PRD2268,1,2024-12-18,113.38
58,CUST1146,PRD2157,3,2025-01-27,156.78
59,CUST1701,PRD2188,2,2024-12-30,1588.64
60,CUST1467,PRD2056,4,2024-10-25,1548.92
61,CUST1308,PRD2624,1,2025-06-07,933.94
62,CUST1765,PRD2736,5,2024-11-16,5608.25
63,CUST1289,PRD2604,4,2025-04-14,1891.04
64,CUST1530,PRD2281,2,2025-07-04,148.7
65,CUST1148,PRD2264,5,2024-10-14,2051.5
66,CUST1345,PRD2504,1,2025-04-17,873.27
67,CUST1249,PRD2600,4,2024-10-27,4065.72
68,CUST1054,PRD2085,3,2024-10-01,3178.5
69,CUST1732,PRD2679,2,2024-10-09,2257.42
70,CUST1450,PRD2566,4,2025-03-02,4477.64
71,CUST1026,PRD2495,5,2024-10-09,5495.3
72,CUST1454,PRD2389,5,2024-09-09,5501.5
73,CUST1722,PRD2754,1,2024-09-12,516.32
74,CUST1777,PRD2206,4,2025-04-18,841.72
75,CUST1630,PRD2176,5,2024-09-09,1084.8
76,CUST1286,PRD2749,3,2025-05-21,325.47
77,CUST1000,PRD2041,2,2024-10-26,1848.74
78,CUST1061,PRD2740,4,2024-10-08,3149.72
79,CUST1560,PRD2618,4,2024-11-28,4496.0
80,CUST1668,PRD2264,2,2025-05-16,820.6
81,CUST1597,PRD2274,4,2025-02-01,3274.88
82,CUST1387,PRD2749,4,2024-09-27,433.96
83,CUST1561,PRD2371,4,2025-02-07,3206.72
84,CUST1267,PRD2794,1,2025-04-04,822.61
85,CUST1304,PRD2504,5,2025-06-25,4366.35
86,CUST1141,PRD2570,2,2025-03-17,2297.72
87,CUST1276,PRD2038,4,2024-12-12,1643.68
88,CUST1324,PRD2454,1,2025-03-01,576.91
89,CUST1570,PRD2187,4,2025-01-19,1680.4
90,CUST1627,PRD2656,4,2024-12-09,2073.92
91,CUST1791,PRD2340,5,2025-02-13,5545.6
92,CUST1303,PRD2053,3,2025-01-12,1113.9
93,CUST1630,PRD2446,1,2024-09-29,285.4
94,CUST1141,PRD2268,2,2024-12-01,226.76
95,CUST1494,PRD2182,3,2024-10-21,735.69
96,CUST1235,PRD2089,2,2025-05-10,1833.26
97,CUST1032,PRD2070,4,2024-10-05,2093.92
98,CUST1755,PRD2766,1,2025-03-25,479.4
99,CUST1006,PRD2300,5,2024-10-19,741.8
100,CUST1325,PRD2677,1,2025-05-18,294.95
101,CUST1218,PRD2103,3,2025-05-04,776.34
102,CUST1538,PRD2090,4,2025-05-24,2036.2
103,CUST1385,PRD2468,5,2024-11-16,394.8
104,CUST1488,PRD2051,1,2025-06-27,70.27
105,CUST1094,PRD2121,2,2025-02-02,462.04
106,CUST1524,PRD2433,2,2024-10-12,1030.1
107,CUST1730,PRD2576,3,2025-04-10,1493.61
108,CUST1756,PRD2664,3,2025-03-16,1539.63
109,CUST1115,PRD2080,4,2024-09-12,2281.8
110,CUST1365,PRD2109,1,2024-09-14,676.76
111,CUST1007,PRD2018,3,2024-09-05,2582.55
112,CUST1279,PRD2642,1,2025-01-04,832.32
113,CUST1446,PRD2469,3,2025-06-26,3527.04
114,CUST1545,PRD2040,1,2025-05-05,1044.46
115,CUST1421,PRD2128,3,2025-06-18,2233.47
116,CUST1750,PRD2229,4,2024-12-09,1667.4
117,CUST1476,PRD2312,3,2024-11-10,3220.17
118,CUST1029,PRD2382,2,2025-01-19,134.58
119,CUST1057,PRD2617,4,2024-08-10,4415.2
120,CUST1612,PRD2404,1,2024-10-04,544.16
121,CUST1614,PRD2125,1,2025-01-25,89.91
122,CUST1443,PRD2318,5,2024-10-02,4417.05
123,CUST1135,PRD2234,2,2025-01-29,1790.1
124,CUST1309,PRD2143,5,2024-11-06,379.45
125,CUST1599,PRD2514,1,2025-04-27,919.23
126,CUST1448,PRD2407,3,2025-04-30,3261.36
127,CUST1507,PRD2008,1,2025-03-13,262.18
128,CUST1705,PRD2516,2,2024-11-25,1910.18
129,CUST1106,PRD2587,4,2024-08-08,911.96
130,CUST1233,PRD2002,5,2025-04-25,5301.2
131,CUST1702,PRD2673,3,2025-06-10,939.27
132,CUST1071,PRD2479,1,2024-07-29,63.34
133,CUST1676,PRD2194,5,2025-07-08,2842.55
134,CUST1214,PRD2767,1,2024-07-22,229.99
135,CUST1341,PRD2306,4,2024-12-10,944.72
136,CUST1205,PRD2338,2,2025-04-17,2286.3
137,CUST1460,PRD2444,5,2025-07-05,5850.35
138,CUST1533,PRD2564,2,2025-03-13,639.04
139,CUST1502,PRD2393,5,2025-05-07,5414.4
140,CUST1601,PRD2144,3,2025-02-07,1919.31
141,CUST1557,PRD2757,2,2024-11-27,831.72
142,CUST1145,PRD2284,4,2025-03-04,1761.56
143,CUST1060,PRD2274,2,2025-07-03,1637.44
144,CUST1775,PRD2416,1,2024-11-24,482.85
145,CUST1570,PRD2306,2,2025-05-17,472.36
146,CUST1293,PRD2372,5,2025-04-13,1382.05
147,CUST1091,PRD2138,5,2025-03-20,4321.0
148,CUST1490,PRD2425,3,2024-09-17,1011.87
149,CUST1380,PRD2509,4,2024-08-03,2606.48
150,CUST1253,PRD2686,3,2025-04-20,3178.74
151,CUST1506,PRD2345,5,2024-12-13,3838.9
152,CUST1252,PRD2415,4,2024-10-22,1905.48
153,CUST1019,PRD2118,5,2025-05-17,5722.35
154,CUST1769,PRD2631,3,2024-12-27,191.13
155,CUST1052,PRD2744,2,2024-08-04,1139.8
156,CUST1443,PRD2589,5,2024-10-24,3583.6
157,CUST1314,PRD2770,1,2025-03-05,597.42
158,CUST1060,PRD2553,4,2024-12-03,4499.2
159,CUST1700,PRD2658,4,2024-12-31,2904.68
160,CUST1089,PRD2508,4,2025-02-05,4017.24
161,CUST1205,PRD2102,2,2025-04-28,1580.52
162,CUST1290,PRD2001,1,2025-04-08,983.13
163,CUST1043,PRD2318,4,2024-09-22,3533.64
164,CUST1779,PRD2649,1,2025-04-27,187.31
165,CUST1125,PRD2615,3,2025-04-27,1525.05
166,CUST1125,PRD2054,4,2025-03-24,3793.0
167,CUST1167,PRD2419,4,2024-09-30,3878.0
168,CUST1421,PRD2328,1,2024-12-06,527.71
169,CUST1570,PRD2218,4,2025-02-07,3707.52
170,CUST1030,PRD2372,1,2024-10-09,276.41
171,CUST1660,PRD2042,5,2024-11-17,5131.55
172,CUST1063,PRD2179,4,2024-11-14,232.48
173,CUST1234,PRD2177,4,2025-02-18,3349.16
174,CUST1280,PRD2270,5,2024-09-20,5376.0
175,CUST1010,PRD2656,4,2024-07-26,2073.92
176,CUST1774,PRD2715,1,2025-02-23,552.37
177,CUST1726,PRD2073,4,2025-02-23,4340.0
178,CUST1700,PRD2041,2,2024-10-12,1848.74
179,CUST1079,PRD2039,3,2024-08-01,3280.05
180,CUST1329,PRD2308,2,2025-06-13,1049.92
181,CUST1310,PRD2540,2,2024-08-26,1092.42
182,CUST1270,PRD2233,2,2024-12-24,207.32
183,CUST1676,PRD2547,3,2025-07-02,1390.14
184,CUST1463,PRD2007,4,2025-04-09,4136.88
185,CUST1033,PRD2557,1,2025-02-07,427.05
186,CUST1584,PRD2169,3,2024-11-25,3061.86
187,CUST1705,PRD2238,2,2024-08-30,1032.26
188,CUST1488,PRD2158,3,2024-07-21,2078.34
189,CUST1718,PRD2594,2,2024-12-26,1241.7
190,CUST1053,PRD2245,5,2025-03-13,3255.0
191,CUST1544,PRD2230,4,2024-12-24,267.72
192,CUST1138,PRD2330,4,2025-01-16,3915.36
193,CUST1117,PRD2342,5,2025-05-29,4282.45
194,CUST1165,PRD2402,1,2025-01-25,403.33
195,CUST1545,PRD2681,1,2024-09-09,871.06
196,CUST1365,PRD2293,5,2025-02-23,2491.2
197,CUST1755,PRD2424,4,2025-01-07,3426.64
198,CUST1743,PRD2613,3,2025-05-06,2536.38
199,CUST1366,PRD2675,5,2025-05-19,803.9
200,CUST1256,PRD2187,5,2025-03-17,2100.5
201,CUST1154,PRD2306,3,2025-06-01,708.54
202,CUST1252,PRD2394,1,2025-04-10,1100.79
203,CUST1437,PRD2155,3,2024-10-08,3476.61
204,CUST1339,PRD2536,5,2025-03-17,2920.25
205,CUST1077,PRD2126,5,2024-08-23,4388.95
206,CUST1236,PRD2315,2,2024-12-19,531.4
207,CUST1748,PRD2268,1,2024-08-28,113.38
208,CUST1610,PRD2292,1,2024-11-10,271.43
209,CUST1251,PRD2408,4,2024-12-21,3913.12
210,CUST1131,PRD2351,3,2024-08-13,2398.35
211,CUST1775,PRD2453,4,2024-08-05,1331.0
212,CUST1469,PRD2238,1,2024-09-29,516.13
213,CUST1249,PRD2400,2,2025-07-02,1305.76
214,CUST1067,PRD2714,3,2024-08-27,3027.18
215,CUST1519,PRD2671,5,2025-05-08,5885.25
216,CUST1646,PRD2587,1,2025-03-29,227.99
217,CUST1057,PRD2428,5,2025-04-21,1910.5
218,CUST1137,PRD2275,5,2025-05-25,2810.6
219,CUST1191,PRD2427,3,2024-10-22,1472.43
220,CUST1459,PRD2251,2,2025-06-30,2345.16
221,CUST1079,PRD2202,3,2025-04-18,1453.83
222,CUST1208,PRD2599,3,2025-01-29,1940.73
223,CUST1748,PRD2031,2,2025-05-28,266.98
224,CUST1267,PRD2089,1,2024-11-08,916.63
225,CUST1540,PRD2369,2,2025-04-06,1976.24
226,CUST1196,PRD2574,4,2024-09-20,3827.32
227,CUST1606,PRD2054,1,2025-06-27,948.25
228,CUST1187,PRD2184,1,2024-07-23,888.55
229,CUST1278,PRD2210,1,2024-12-27,963.33
230,CUST1431,PRD2696,2,2025-06-12,2296.62
231,CUST1635,PRD2734,4,2025-02-26,2246.16
232,CUST1227,PRD2557,4,2024-12-26,1708.2
233,CUST1747,PRD2421,1,2024-11-19,533.83
234,CUST1452,PRD2160,5,2025-06-15,4439.9
235,CUST1071,PRD2354,3,2025-05-26,163.38
236,CUST1077,PRD2063,1,2025-05-22,325.25
237,CUST1325,PRD2383,3,2024-12-21,1458.18
238,CUST1187,PRD2174,4,2024-11-18,4384.64
239,CUST1335,PRD2442,1,2025-06-24,1186.3
240,CUST1507,PRD2517,4,2025-01-08,2615.08
241,CUST1499,PRD2132,3,2025-07-02,380.76
242,CUST1185,PRD2034,5,2025-06-19,4770.5
243,CUST1098,PRD2117,5,2024-11-12,2555.9
244,CUST1590,PRD2672,4,2024-12-24,360.48
245,CUST1207,PRD2263,5,2024-11-10,638.0
246,CUST1670,PRD2213,2,2025-01-15,149.4
247,CUST1204,PRD2585,4,2025-07-09,2305.12
248,CUST1158,PRD2383,4,2025-07-06,1944.24
249,CUST1741,PRD2014,3,2025-07-01,519.57
250,CUST1117,PRD2545,1,2024-12-15,1082.82
251,CUST1295,PRD2762,2,2024-12-28,1875.26
252,CUST1316,PRD2386,2,2025-01-22,1045.88
253,CUST1377,PRD2094,1,2024-10-01,959.18
254,CUST1585,PRD2639,2,2025-03-08,627.34
255,CUST1063,PRD2248,5,2024-09-23,3133.65
256,CUST1603,PRD2538,4,2025-05-18,4122.36
257,CUST1447,PRD2424,3,2025-02-02,2569.98
258,CUST1288,PRD2793,3,2025-05-21,2478.3
259,CUST1376,PRD2230,4,2024-08-12,267.72
260,CUST1102,PRD2283,3,2024-09-09,1204.8
261,CUST1388,PRD2788,1,2024-12-19,78.28
262,CUST1275,PRD2385,3,2024-12-07,1792.26
263,CUST1602,PRD2218,2,2024-08-11,1853.76
264,CUST1736,PRD2383,1,2024-08-02,486.06
265,CUST1651,PRD2709,4,2024-10-09,4277.12
266,CUST1068,PRD2569,5,2024-09-05,1198.2
267,CUST1642,PRD2591,5,2025-01-17,5868.1
268,CUST1618,PRD2740,1,2025-05-03,787.43
269,CUST1237,PRD2604,2,2024-10-04,945.52
270,CUST1643,PRD2763,1,2024-10-12,937.25
271,CUST1622,PRD2724,5,2024-11-30,4092.55
272,CUST1463,PRD2369,2,2025-05-23,1976.24
273,CUST1621,PRD2229,1,2025-07-11,416.85
274,CUST1722,PRD2529,3,2024-10-02,3433.89
275,CUST1332,PRD2255,3,2024-08-18,309.96
276,CUST1736,PRD2335,1,2025-06-26,1049.15
277,CUST1133,PRD2438,3,2024-12-14,1425.0
278,CUST1054,PRD2219,1,2024-08-05,453.66
279,CUST1580,PRD2734,1,2024-12-27,561.54
280,CUST1758,PRD2309,1,2025-02-11,109.14
281,CUST1468,PRD2441,1,2024-07-21,1158.56
282,CUST1151,PRD2293,5,2024-08-27,2491.2
283,CUST1285,PRD2221,3,2024-10-11,2888.22
284,CUST1500,PRD2231,5,2024-08-22,2711.5
285,CUST1655,PRD2149,2,2025-07-03,2189.88
286,CUST1382,PRD2781,1,2025-04-24,1009.71
287,CUST1195,PRD2767,3,2024-10-12,689.97
288,CUST1157,PRD2795,1,2025-03-02,582.03
289,CUST1176,PRD2318,1,2024-07-25,883.41
290,CUST1094,PRD2080,1,2024-10-12,570.45
291,CUST1237,PRD2370,4,2025-03-17,275.16
292,CUST1649,PRD2571,2,2024-08-02,2227.36
293,CUST1611,PRD2329,3,2024-11-15,281.01
294,CUST1618,PRD2145,3,2025-03-04,1970.52
295,CUST1140,PRD2755,5,2025-02-05,460.45
296,CUST1585,PRD2120,5,2024-07-22,4450.55
297,CUST1483,PRD2244,3,2024-09-24,688.14
298,CUST1594,PRD2258,2,2024-08-29,1209.86
299,CUST1208,PRD2086,5,2025-04-12,4293.6
300,CUST1412,PRD2181,3,2025-05-11,1413.03
301,CUST1500,PRD2408,1,2025-04-09,978.28
302,CUST1529,PRD2517,1,2024-11-30,653.77
303,CUST1190,PRD2220,1,2025-01-22,678.84
304,CUST1091,PRD2648,2,2025-06-05,1597.32
305,CUST1541,PRD2301,4,2025-05-22,911.2
306,CUST1771,PRD2494,1,2025-06-13,721.02
307,CUST1239,PRD2457,1,2024-09-13,696.18
308,CUST1203,PRD2323,3,2024-11-21,1734.24
309,CUST1473,PRD2308,2,2025-01-03,1049.92
310,CUST1338,PRD2449,5,2025-06-28,3753.0
311,CUST1166,PRD2777,5,2025-04-30,3694.7
312,CUST1652,PRD2728,5,2024-09-09,3433.4
313,CUST1214,PRD2428,2,2024-09-09,764.2
314,CUST1237,PRD2413,4,2024-11-22,1797.24
315,CUST1612,PRD2347,1,2024-08-26,478.89
316,CUST1365,PRD2454,4,2025-04-10,2307.64
317,CUST1192,PRD2394,4,2025-07-01,4403.16
318,CUST1561,PRD2041,2,2025-04-27,1848.74
319,CUST1298,PRD2409,3,2024-09-16,3382.92
320,CUST1528,PRD2425,4,2025-07-05,1349.16
321,CUST1278,PRD2111,2,2024-10-21,1530.7
322,CUST1609,PRD2467,5,2024-12-09,2937.15
323,CUST1287,PRD2149,5,2024-08-08,5474.7
324,CUST1225,PRD2553,3,2025-01-06,3374.4
325,CUST1016,PRD2676,4,2024-09-08,723.28
326,CUST1486,PRD2735,5,2025-02-15,4171.0
327,CUST1662,PRD2787,2,2025-01-03,631.94
328,CUST1714,PRD2704,3,2024-07-28,1150.8
329,CUST1290,PRD2589,3,2024-09-21,2150.16
330,CUST1398,PRD2308,3,2024-09-15,1574.88
331,CUST1697,PRD2071,4,2024-08-08,2207.68
332,CUST1075,PRD2428,5,2024-07-15,1910.5
333,CUST1769,PRD2095,1,2024-09-29,1007.77
334,CUST1215,PRD2413,2,2024-12-29,898.62
335,CUST1776,PRD2508,1,2024-10-17,1004.31
336,CUST1668,PRD2142,5,2025-01-08,2114.8
337,CUST1361,PRD2546,1,2025-07-11,1008.31
338,CUST1165,PRD2440,1,2025-04-05,743.0
339,CUST1504,PRD2433,5,2025-05-12,2575.25
340,CUST1675,PRD2162,1,2025-06-04,872.6
341,CUST1506,PRD2037,4,2024-08-04,1893.36
342,CUST1355,PRD2444,4,2024-12-29,4680.28
343,CUST1135,PRD2647,3,2025-02-18,1433.1
344,CUST1114,PRD2355,3,2025-02-18,1725.51
345,CUST1685,PRD2125,3,2025-06-24,269.73
346,CUST1409,PRD2171,2,2024-08-13,1134.4
347,CUST1430,PRD2412,3,2024-10-01,553.98
348,CUST1636,PRD2117,4,2024-08-31,2044.72
349,CUST1783,PRD2796,4,2024-09-03,367.16
350,CUST1044,PRD2446,4,2024-07-20,1141.6
351,CUST1568,PRD2087,5,2025-01-23,5411.2
352,CUST1029,PRD2431,2,2025-04-11,258.82
353,CUST1227,PRD2145,2,2024-08-01,1313.68
354,CUST1531,PRD2409,1,2024-12-30,1127.64
355,CUST1035,PRD2547,4,2024-08-27,1853.52
356,CUST1777,PRD2187,5,2024-11-05,2100.5
357,CUST1078,PRD2599,2,2025-02-01,1293.82
358,CUST1675,PRD2099,4,2024-07-19,1079.68
359,CUST1011,PRD2678,3,2024-07-28,1590.66
360,CUST1118,PRD2376,4,2025-03-12,2063.28
361,CUST1669,PRD2672,4,2024-09-08,360.48
362,CUST1492,PRD2489,4,2024-12-18,4752.2
363,CUST1608,PRD2293,4,2024-11-25,1992.96
364,CUST1050,PRD2711,2,2024-08-26,419.08
365,CUST1368,PRD2166,4,2025-07-03,463.12
366,CUST1679,PRD2204,4,2025-01-07,4267.72
367,CUST1084,PRD2063,2,2024-11-13,650.5
368,CUST1335,PRD2133,2,2024-09-10,349.0
369,CUST1679,PRD2178,4,2024-12-23,1558.32
370,CUST1704,PRD2678,1,2025-05-05,530.22
371,CUST1096,PRD2635,4,2024-08-08,4514.76
372,CUST1513,PRD2746,4,2025-01-16,2968.36
373,CUST1197,PRD2302,4,2024-08-18,3646.64
374,CUST1326,PRD2786,1,2025-04-10,295.0
375,CUST1046,PRD2594,3,2024-09-18,1862.55
376,CUST1676,PRD2713,4,2025-06-23,1216.48
377,CUST1616,PRD2528,3,2025-05-13,3291.33
378,CUST1094,PRD2232,4,2025-05-09,2871.44
379,CUST1152,PRD2559,3,2025-07-02,1827.54
380,CUST1527,PRD2473,4,2025-06-17,1690.04
381,CUST1511,PRD2049,5,2025-05-04,929.9
382,CUST1498,PRD2650,3,2025-06-20,3258.06
383,CUST1667,PRD2421,4,2025-03-23,2135.32
384,CUST1265,PRD2130,3,2024-08-28,2832.0
385,CUST1141,PRD2073,2,2024-11-23,2170.0
386,CUST1743,PRD2672,3,2025-05-20,270.36
387,CUST1579,PRD2332,5,2025-03-28,4678.05
388,CUST1773,PRD2794,5,2024-09-13,4113.05
389,CUST1314,PRD2736,2,2024-07-21,2243.3
390,CUST1204,PRD2795,4,2024-08-16,2328.12
391,CUST1410,PRD2129,3,2024-11-21,354.48
392,CUST1021,PRD2436,5,2024-09-15,4336.15
393,CUST1222,PRD2508,2,2024-12-02,2008.62
394,CUST1705,PRD2462,4,2025-05-24,2899.28
395,CUST1118,PRD2448,3,2024-10-29,3563.19
396,CUST1753,PRD2414,2,2025-05-25,1348.78
397,CUST1520,PRD2466,3,2024-11-17,1665.33
398,CUST1767,PRD2365,4,2024-09-02,1899.72
399,CUST1461,PRD2655,3,2025-05-19,2263.44
400,CUST1067,PRD2158,4,2025-04-15,2771.12
401,CUST1218,PRD2085,1,2025-02-01,1059.5
402,CUST1102,PRD2000,2,2025-03-15,1969.18
403,CUST1535,PRD2623,5,2024-09-14,2280.95
404,CUST1611,PRD2607,5,2025-05-30,5036.95
405,CUST1429,PRD2365,4,2025-06-23,1899.72
406,CUST1444,PRD2689,1,2025-03-11,1049.68
407,CUST1758,PRD2727,5,2024-09-08,5053.1
408,CUST1225,PRD2766,2,2024-10-31,958.8
409,CUST1000,PRD2128,3,2025-02-02,2233.47
410,CUST1585,PRD2012,4,2024-08-26,2102.96
411,CUST1347,PRD2163,5,2025-07-09,3269.05
412,CUST1130,PRD2560,2,2025-02-10,1784.62
413,CUST1663,PRD2667,1,2024-11-09,326.85
414,CUST1270,PRD2379,3,2025-06-08,3409.68
415,CUST1045,PRD2108,4,2025-01-27,326.64
416,CUST1450,PRD2357,1,2025-06-01,148.58
417,CUST1140,PRD2287,5,2025-07-06,2977.45
418,CUST1594,PRD2687,4,2025-07-04,1050.6
419,CUST1385,PRD2598,1,2024-07-25,185.92
420,CUST1185,PRD2502,2,2024-07-15,1782.52
421,CUST1439,PRD2498,1,2024-12-21,424.11
422,CUST1705,PRD2069,4,2025-01-15,1213.04
423,CUST1684,PRD2631,3,2025-06-30,191.13
424,CUST1398,PRD2638,4,2025-07-13,1747.92
425,CUST1426,PRD2605,2,2024-12-21,961.78
426,CUST1701,PRD2777,5,2025-01-21,3694.7
427,CUST1732,PRD2004,5,2025-01-18,3083.2
428,CUST1508,PRD2701,5,2025-01-11,2501.4
429,CUST1317,PRD2460,1,2025-05-27,289.21
430,CUST1093,PRD2498,4,2025-04-12,1696.44
431,CUST1585,PRD2657,5,2024-08-27,1821.6
432,CUST1579,PRD2213,1,2025-02-23,74.7
433,CUST1438,PRD2487,2,2024-12-23,2134.2
434,CUST1084,PRD2053,1,2025-06-15,371.3
435,CUST1153,PRD2621,1,2024-07-17,979.33
436,CUST1322,PRD2045,3,2025-01-25,158.91
437,CUST1443,PRD2461,2,2025-02-17,602.5
438,CUST1140,PRD2366,1,2025-01-20,1170.6
439,CUST1473,PRD2611,2,2025-03-18,603.68
440,CUST1349,PRD2244,3,2024-08-09,688.14
441,CUST1562,PRD2310,3,2024-09-17,2209.29
442,CUST1789,PRD2019,4,2024-08-29,3855.36
443,CUST1168,PRD2710,2,2025-02-09,1725.12
444,CUST1755,PRD2292,3,2025-07-05,814.29
445,CUST1721,PRD2175,5,2025-05-16,418.0
446,CUST1151,PRD2034,2,2024-11-22,1908.2
447,CUST1676,PRD2710,3,2024-08-14,2587.68
448,CUST1547,PRD2059,5,2024-11-16,3665.4
449,CUST1506,PRD2720,1,2025-05-14,991.69
450,CUST1648,PRD2332,3,2025-02-23,2806.83
451,CUST1228,PRD2470,5,2025-02-08,4131.85
452,CUST1658,PRD2693,2,2025-05-13,307.82
453,CUST1658,PRD2291,1,2025-07-11,164.0
454,CUST1625,PRD2550,3,2024-08-18,1830.66
455,CUST1269,PRD2706,2,2025-07-02,257.36
456,CUST1679,PRD2351,3,2025-04-23,2398.35
457,CUST1583,PRD2733,5,2025-02-20,435.7
458,CUST1552,PRD2000,3,2024-09-10,2953.77
459,CUST1443,PRD2304,1,2024-12-06,761.37
460,CUST1445,PRD2231,1,2024-12-11,542.3
461,CUST1437,PRD2543,4,2024-07-28,846.4
462,CUST1719,PRD2683,2,2024-08-14,1376.54
463,CUST1081,PRD2413,2,2024-10-28,898.62
464,CUST1011,PRD2401,1,2025-01-28,1069.63
465,CUST1762,PRD2653,2,2025-05-21,2291.48
466,CUST1779,PRD2659,1,2024-07-16,472.87
467,CUST1740,PRD2248,5,2025-04-20,3133.65
468,CUST1187,PRD2381,5,2025-03-06,3306.85
469,CUST1619,PRD2235,3,2025-04-16,3502.53
470,CUST1039,PRD2009,1,2025-05-23,705.2
471,CUST1689,PRD2562,3,2024-12-31,2385.18
472,CUST1536,PRD2671,2,2024-12-28,2354.1
473,CUST1574,PRD2089,4,2025-05-05,3666.52
474,CUST1225,PRD2254,2,2024-11-26,577.64
475,CUST1456,PRD2167,1,2025-07-09,657.19
476,CUST1322,PRD2276,2,2025-04-08,702.5
477,CUST1754,PRD2115,1,2025-01-07,159.74
478,CUST1012,PRD2521,4,2025-07-12,4372.6
479,CUST1588,PRD2661,4,2025-03-11,3856.8
480,CUST1707,PRD2033,2,2024-10-11,609.66
481,CUST1002,PRD2559,5,2025-02-25,3045.9
482,CUST1652,PRD2102,2,2024-12-07,1580.52
483,CUST1022,PRD2794,5,2024-11-01,4113.05
484,CUST1276,PRD2488,2,2025-01-30,1365.54
485,CUST1095,PRD2412,2,2025-04-30,369.32
486,CUST1559,PRD2590,1,2024-12-31,259.06
487,CUST1273,PRD2356,5,2025-04-23,3480.45
488,CUST1264,PRD2303,2,2025-03-19,1443.66
489,CUST1249,PRD2137,3,2025-07-01,1006.5
490,CUST1131,PRD2311,1,2024-08-05,1058.3
491,CUST1317,PRD2220,2,2025-06-21,1357.68
492,CUST1416,PRD2502,4,2025-04-16,3565.04
493,CUST1125,PRD2203,5,2024-11-02,1521.5
494,CUST1312,PRD2591,3,2025-06-30,3520.86
495,CUST1482,PRD2291,2,2024-11-23,328.0
496,CUST1028,PRD2501,5,2025-01-26,2595.8
497,CUST1724,PRD2280,5,2025-01-04,2274.2
498,CUST1193,PRD2719,2,2025-06-08,109.22
499,CUST1320,PRD2321,3,2024-10-16,1164.9
500,CUST1493,PRD2486,4,2025-02-19,592.68
501,CUST1491,PRD2403,1,2025-05-16,904.14
502,CUST1641,PRD2182,2,2024-11-20,490.46
503,CUST1459,PRD2072,5,2024-11-09,5862.7
504,CUST1338,PRD2545,3,2025-07-12,3248.46
505,CUST1433,PRD2324,5,2024-12-31,3966.25
506,CUST1132,PRD2040,3,2025-06-08,3133.38
507,CUST1772,PRD2318,4,2024-07-24,3533.64
508,CUST1388,PRD2284,4,2025-04-15,1761.56
509,CUST1764,PRD2005,4,2025-01-22,4522.88
510,CUST1568,PRD2371,3,2025-02-19,2405.04
511,CUST1182,PRD2474,3,2024-07-24,915.51
512,CUST1790,PRD2633,5,2025-01-06,907.4
513,CUST1084,PRD2484,2,2025-07-03,1649.26
514,CUST1044,PRD2388,3,2024-11-27,1061.94
515,CUST1148,PRD2376,2,2025-04-14,1031.64
516,CUST1563,PRD2227,1,2025-06-10,822.31
517,CUST1505,PRD2624,4,2025-02-25,3735.76
518,CUST1777,PRD2278,3,2024-12-28,1554.63
519,CUST1063,PRD2611,1,2024-12-10,301.84
520,CUST1037,PRD2428,3,2025-05-15,1146.3
521,CUST1286,PRD2193,3,2025-04-09,617.82
522,CUST1110,PRD2567,4,2025-01-03,659.24
523,CUST1619,PRD2583,3,2024-10-28,1315.83
524,CUST1364,PRD2540,1,2024-07-28,546.21
525,CUST1102,PRD2725,4,2025-03-17,3434.36
526,CUST1362,PRD2071,2,2025-03-02,1103.84
527,CUST1009,PRD2107,1,2024-10-20,925.36
528,CUST1452,PRD2275,1,2025-04-04,562.12
529,CUST1374,PRD2740,2,2025-01-23,1574.86
530,CUST1675,PRD2787,3,2025-02-05,947.91
531,CUST1760,PRD2784,1,2024-09-14,656.68
532,CUST1410,PRD2220,2,2025-02-01,1357.68
533,CUST1453,PRD2753,5,2024-10-27,2409.4
534,CUST1348,PRD2721,1,2025-01-02,52.82
535,CUST1491,PRD2643,4,2024-12-22,1647.0
536,CUST1097,PRD2608,2,2024-09-02,995.4
537,CUST1268,PRD2762,2,2025-04-12,1875.26
538,CUST1565,PRD2261,1,2024-11-15,160.03
539,CUST1688,PRD2388,5,2025-02-28,1769.9
540,CUST1098,PRD2620,3,2024-10-17,2255.13
541,CUST1514,PRD2594,5,2025-04-14,3104.25
542,CUST1278,PRD2604,2,2024-11-27,945.52
543,CUST1276,PRD2241,4,2025-06-22,4295.04
544,CUST1664,PRD2610,5,2024-12-12,1252.45
545,CUST1709,PRD2401,1,2025-01-10,1069.63
546,CUST1202,PRD2478,5,2024-10-19,1493.35
547,CUST1700,PRD2280,4,2025-03-17,1819.36
548,CUST1649,PRD2442,2,2025-05-28,2372.6
549,CUST1767,PRD2312,2,2025-06-13,2146.78
550,CUST1007,PRD2016,5,2025-05-25,1716.85
551,CUST1165,PRD2127,4,2025-05-22,1874.24
552,CUST1766,PRD2703,2,2025-06-30,1986.74
553,CUST1537,PRD2509,2,2025-07-15,1303.24
554,CUST1231,PRD2739,1,2025-02-13,800.27
555,CUST1376,PRD2049,1,2024-08-16,185.98
556,CUST1672,PRD2492,4,2024-07-25,4772.4
557,CUST1544,PRD2545,4,2024-09-21,4331.28
558,CUST1472,PRD2490,5,2025-02-19,1843.25
559,CUST1549,PRD2038,4,2025-01-25,1643.68
560,CUST1464,PRD2150,3,2024-12-10,3155.79
561,CUST1508,PRD2659,1,2024-10-12,472.87
562,CUST1556,PRD2699,3,2025-03-22,264.03
563,CUST1032,PRD2430,4,2025-01-30,502.16
564,CUST1062,PRD2525,1,2024-07-18,659.66
565,CUST1670,PRD2075,4,2025-02-09,655.56
566,CUST1117,PRD2732,4,2025-01-16,1152.12
567,CUST1259,PRD2447,3,2024-10-06,3582.03
568,CUST1170,PRD2508,4,2025-03-03,4017.24
569,CUST1040,PRD2289,1,2024-09-18,880.75
570,CUST1239,PRD2633,5,2025-06-02,907.4
571,CUST1642,PRD2226,1,2024-12-31,966.38
572,CUST1228,PRD2110,4,2024-12-18,2529.96
573,CUST1442,PRD2344,3,2024-12-21,336.57
574,CUST1347,PRD2673,5,2025-03-17,1565.45
575,CUST1009,PRD2285,2,2024-09-29,1640.14
576,CUST1558,PRD2242,2,2024-10-28,741.8
577,CUST1334,PRD2761,5,2025-03-18,3559.95
578,CUST1456,PRD2288,5,2025-02-12,903.0
579,CUST1146,PRD2690,2,2024-11-09,1951.54
580,CUST1088,PRD2673,3,2025-04-01,939.27
581,CUST1022,PRD2077,5,2025-06-19,2283.65
582,CUST1305,PRD2590,4,2024-08-22,1036.24
583,CUST1050,PRD2546,4,2025-05-27,4033.24
584,CUST1510,PRD2008,5,2024-12-16,1310.9
585,CUST1119,PRD2369,3,2025-07-10,2964.36
586,CUST1558,PRD2777,5,2024-08-16,3694.7
587,CUST1089,PRD2547,3,2025-04-09,1390.14
588,CUST1120,PRD2508,2,2024-12-17,2008.62
589,CUST1220,PRD2110,4,2024-11-12,2529.96
590,CUST1362,PRD2039,5,2025-06-17,5466.75
591,CUST1697,PRD2382,4,2024-08-01,269.16
592,CUST1447,PRD2501,5,2025-07-03,2595.8
593,CUST1609,PRD2247,4,2025-03-16,1751.84
594,CUST1616,PRD2432,5,2024-10-01,748.35
595,CUST1086,PRD2451,5,2025-03-29,917.4
596,CUST1446,PRD2300,5,2024-12-08,741.8
597,CUST1011,PRD2101,1,2025-04-08,1072.72
598,CUST1627,PRD2353,1,2025-02-20,339.8
599,CUST1206,PRD2663,1,2025-04-29,638.12
600,CUST1333,PRD2344,2,2025-06-11,224.38
601,CUST1793,PRD2236,1,2025-05-26,426.57
602,CUST1525,PRD2428,4,2024-09-27,1528.4
603,CUST1187,PRD2519,3,2025-04-13,3002.73
604,CUST1799,PRD2667,1,2024-12-11,326.85
605,CUST1670,PRD2623,2,2024-12-05,912.38
606,CUST1419,PRD2705,4,2024-07-30,3516.48
607,CUST1159,PRD2069,4,2025-07-12,1213.04
608,CUST1489,PRD2323,2,2025-06-24,1156.16
609,CUST1445,PRD2189,3,2024-09-17,3507.33
610,CUST1239,PRD2666,5,2024-12-08,5023.05
611,CUST1337,PRD2009,3,2024-09-09,2115.6
612,CUST1547,PRD2676,3,2025-03-14,542.46
613,CUST1335,PRD2176,5,2024-09-05,1084.8
614,CUST1079,PRD2787,3,2024-12-11,947.91
615,CUST1285,PRD2714,4,2024-10-23,4036.24
616,CUST1268,PRD2543,2,2024-08-09,423.2
617,CUST1047,PRD2794,1,2025-02-08,822.61
618,CUST1408,PRD2067,5,2025-05-24,2317.95
619,CUST1104,PRD2676,4,2024-09-08,723.28
620,CUST1441,PRD2627,4,2025-03-13,4036.88
621,CUST1012,PRD2095,4,2024-10-01,4031.08
622,CUST1559,PRD2026,5,2024-12-26,4877.65
623,CUST1251,PRD2623,3,2024-10-15,1368.57
624,CUST1189,PRD2002,2,2024-12-24,2120.48
625,CUST1797,PRD2068,1,2025-05-07,720.32
626,CUST1600,PRD2789,5,2024-10-04,1054.75
627,CUST1222,PRD2216,2,2024-09-22,1807.04
628,CUST1353,PRD2623,5,2024-07-27,2280.95
629,CUST1616,PRD2337,2,2024-12-20,1188.74
630,CUST1627,PRD2339,2,2025-03-25,1397.16
631,CUST1326,PRD2198,3,2025-02-22,483.72
632,CUST1406,PRD2038,2,2024-08-07,821.84
633,CUST1191,PRD2177,4,2024-09-07,3349.16
634,CUST1078,PRD2187,5,2024-08-27,2100.5
635,CUST1326,PRD2096,3,2024-10-07,209.34
636,CUST1666,PRD2597,5,2025-03-01,3653.1
637,CUST1457,PRD2157,1,2025-05-05,52.26
638,CUST1246,PRD2678,2,2024-08-23,1060.44
639,CUST1478,PRD2703,2,2024-12-14,1986.74
640,CUST1641,PRD2495,5,2025-06-02,5495.3
641,CUST1605,PRD2691,3,2024-12-24,364.11
642,CUST1147,PRD2799,1,2024-09-06,114.43
643,CUST1445,PRD2710,1,2024-12-21,862.56
644,CUST1158,PRD2373,1,2024-10-06,544.72
645,CUST1001,PRD2526,3,2024-09-07,2257.11
646,CUST1194,PRD2458,2,2025-02-20,1205.48
647,CUST1103,PRD2445,1,2024-10-05,1156.18
648,CUST1796,PRD2234,1,2024-10-11,895.05
649,CUST1326,PRD2779,3,2024-12-04,2983.56
650,CUST1432,PRD2704,5,2024-07-16,1918.0
651,CUST1640,PRD2756,3,2025-02-18,2581.17
652,CUST1468,PRD2231,2,2025-03-20,1084.6
653,CUST1127,PRD2420,2,2024-12-23,1110.34
654,CUST1374,PRD2795,1,2024-12-10,582.03
655,CUST1645,PRD2213,4,2024-08-10,298.8
656,CUST1191,PRD2499,3,2024-09-05,3220.11
657,CUST1591,PRD2570,2,2024-09-06,2297.72
658,CUST1698,PRD2630,5,2025-03-05,3941.95
659,CUST1469,PRD2354,1,2025-02-12,54.46
660,CUST1097,PRD2405,1,2024-12-07,225.75
661,CUST1713,PRD2767,2,2025-04-30,459.98
662,CUST1256,PRD2311,3,2024-11-06,3174.9
663,CUST1368,PRD2662,3,2024-08-23,3057.18
664,CUST1332,PRD2636,5,2024-11-30,1579.35
665,CUST1658,PRD2275,4,2025-04-23,2248.48
666,CUST1575,PRD2487,5,2024-12-24,5335.5
667,CUST1619,PRD2420,2,2025-04-04,1110.34
668,CUST1058,PRD2419,2,2025-04-02,1939.0
669,CUST1082,PRD2686,3,2024-08-11,3178.74
670,CUST1076,PRD2253,2,2025-06-21,372.2
671,CUST1220,PRD2357,2,2024-07-23,297.16
672,CUST1510,PRD2009,1,2024-10-10,705.2
673,CUST1234,PRD2736,1,2024-07-31,1121.65
674,CUST1310,PRD2642,4,2025-06-15,3329.28
675,CUST1749,PRD2000,5,2025-02-07,4922.95
676,CUST1489,PRD2353,5,2025-04-28,1699.0
677,CUST1742,PRD2073,1,2025-03-05,1085.0
678,CUST1750,PRD2702,1,2025-05-31,400.21
679,CUST1113,PRD2075,4,2025-05-10,655.56
680,CUST1605,PRD2243,4,2025-05-16,2450.04
681,CUST1137,PRD2574,2,2024-07-28,1913.66
682,CUST1296,PRD2586,4,2024-08-08,2864.2
683,CUST1462,PRD2714,1,2024-10-08,1009.06
684,CUST1793,PRD2515,5,2024-12-25,1187.7
685,CUST1709,PRD2757,4,2025-06-25,1663.44
686,CUST1393,PRD2586,4,2024-08-06,2864.2
687,CUST1227,PRD2042,5,2025-05-07,5131.55
688,CUST1046,PRD2166,1,2025-02-21,115.78
689,CUST1681,PRD2142,4,2024-10-05,1691.84
690,CUST1202,PRD2776,4,2024-08-02,1978.84
691,CUST1283,PRD2603,4,2025-03-21,2107.44
692,CUST1631,PRD2381,2,2025-07-02,1322.74
693,CUST1239,PRD2664,4,2024-10-08,2052.84
694,CUST1198,PRD2760,3,2025-01-07,618.15
695,CUST1787,PRD2602,4,2025-04-28,262.44
696,CUST1126,PRD2503,3,2025-05-17,3359.82
697,CUST1353,PRD2628,3,2025-06-10,1613.43
698,CUST1227,PRD2383,4,2025-07-02,1944.24
699,CUST1685,PRD2251,3,2024-10-13,3517.74
700,CUST1224,PRD2722,1,2025-02-17,1047.77
701,CUST1008,PRD2764,5,2024-12-17,1970.35
702,CUST1184,PRD2036,2,2024-10-12,776.92
703,CUST1561,PRD2766,1,2024-11-29,479.4
704,CUST1791,PRD2600,1,2025-05-17,1016.43
705,CUST1059,PRD2746,5,2025-06-19,3710.45
706,CUST1090,PRD2474,4,2024-11-07,1220.68
707,CUST1370,PRD2344,2,2025-01-04,224.38
708,CUST1213,PRD2755,4,2025-01-29,368.36
709,CUST1408,PRD2727,5,2024-07-26,5053.1
710,CUST1460,PRD2230,3,2024-09-03,200.79
711,CUST1539,PRD2597,2,2025-04-20,1461.24
712,CUST1661,PRD2234,4,2024-10-31,3580.2
713,CUST1576,PRD2045,3,2025-06-06,158.91
714,CUST1609,PRD2216,5,2024-10-29,4517.6
715,CUST1524,PRD2582,2,2025-03-03,2167.42
716,CUST1525,PRD2141,4,2025-06-27,2861.16
717,CUST1088,PRD2586,4,2024-09-13,2864.2
718,CUST1587,PRD2302,5,2024-08-12,4558.3
719,CUST1007,PRD2276,4,2025-06-06,1405.0
720,CUST1463,PRD2034,2,2025-03-16,1908.2
721,CUST1625,PRD2163,1,2024-10-19,653.81
722,CUST1154,PRD2027,1,2024-11-13,132.84
723,CUST1217,PRD2651,3,2025-04-10,2479.29
724,CUST1081,PRD2509,1,2025-06-06,651.62
725,CUST1728,PRD2396,2,2024-09-09,1603.36
726,CUST1465,PRD2786,1,2024-09-21,295.0
727,CUST1754,PRD2313,1,2024-12-09,876.29
728,CUST1406,PRD2631,1,2024-08-17,63.71
729,CUST1149,PRD2064,1,2025-02-21,990.17
730,CUST1237,PRD2194,1,2025-04-26,568.51
731,CUST1230,PRD2107,3,2025-05-18,2776.08
732,CUST1119,PRD2345,5,2025-03-07,3838.9
733,CUST1310,PRD2120,5,2025-04-27,4450.55
734,CUST1494,PRD2122,4,2024-10-06,1684.04
735,CUST1366,PRD2707,3,2025-06-03,2008.5
736,CUST1793,PRD2243,2,2025-05-07,1225.02
737,CUST1117,PRD2645,2,2024-07-17,2019.76
738,CUST1314,PRD2715,2,2025-01-26,1104.74
739,CUST1693,PRD2409,1,2025-04-18,1127.64
740,CUST1753,PRD2612,4,2025-02-19,649.52
741,CUST1661,PRD2490,4,2024-10-07,1474.6
742,CUST1110,PRD2447,1,2024-08-20,1194.01
743,CUST1280,PRD2364,1,2025-05-18,648.08
744,CUST1352,PRD2034,1,2025-04-27,954.1
745,CUST1216,PRD2704,5,2024-11-05,1918.0
746,CUST1477,PRD2398,4,2024-10-05,4067.32
747,CUST1029,PRD2197,5,2024-08-04,3405.15
748,CUST1418,PRD2659,5,2024-11-17,2364.35
749,CUST1030,PRD2317,4,2025-06-29,2827.76
750,CUST1285,PRD2671,2,2025-05-25,2354.1
751,CUST1728,PRD2161,3,2024-12-08,2150.88
752,CUST1351,PRD2590,3,2025-05-29,777.18
753,CUST1251,PRD2616,3,2025-07-15,1889.73
754,CUST1510,PRD2370,4,2024-11-20,275.16
755,CUST1508,PRD2618,5,2024-11-04,5620.0
756,CUST1625,PRD2302,3,2024-09-09,2734.98
757,CUST1349,PRD2742,2,2025-05-25,546.8
758,CUST1118,PRD2016,5,2024-10-21,1716.85
759,CUST1170,PRD2192,4,2024-09-12,699.8
760,CUST1426,PRD2406,5,2025-04-05,2518.8
761,CUST1173,PRD2001,3,2024-12-07,2949.39
762,CUST1368,PRD2237,3,2025-04-18,2832.57
763,CUST1333,PRD2347,5,2025-06-06,2394.45
764,CUST1346,PRD2118,1,2025-06-13,1144.47
765,CUST1327,PRD2197,3,2025-06-30,2043.09
766,CUST1337,PRD2662,1,2025-02-27,1019.06
767,CUST1510,PRD2566,2,2025-07-14,2238.82
768,CUST1507,PRD2788,3,2024-11-13,234.84
769,CUST1178,PRD2546,1,2025-06-07,1008.31
770,CUST1394,PRD2201,5,2024-12-05,1415.85
771,CUST1514,PRD2075,1,2024-08-07,163.89
772,CUST1609,PRD2654,1,2024-08-04,93.1
773,CUST1358,PRD2495,4,2025-05-18,4396.24
774,CUST1082,PRD2221,1,2025-03-06,962.74
775,CUST1226,PRD2431,2,2025-05-18,258.82
776,CUST1100,PRD2721,4,2025-06-06,211.28
777,CUST1084,PRD2342,5,2025-04-02,4282.45
778,CUST1539,PRD2451,3,2025-05-24,550.44
779,CUST1587,PRD2784,3,2024-08-06,1970.04
780,CUST1362,PRD2382,5,2024-08-18,336.45
781,CUST1334,PRD2714,1,2024-09-17,1009.06
782,CUST1696,PRD2360,1,2025-02-19,1149.33
783,CUST1520,PRD2001,5,2024-09-22,4915.65
784,CUST1726,PRD2694,1,2025-06-09,823.92
785,CUST1178,PRD2547,2,2024-10-24,926.76
786,CUST1262,PRD2204,2,2024-09-22,2133.86
787,CUST1040,PRD2185,2,2025-03-06,1057.88
788,CUST1278,PRD2111,1,2025-06-17,765.35
789,CUST1214,PRD2140,1,2025-07-04,924.66
790,CUST1640,PRD2472,1,2025-02-03,404.38
791,CUST1705,PRD2399,5,2024-08-22,2723.25
792,CUST1010,PRD2591,3,2025-04-29,3520.86
793,CUST1543,PRD2204,4,2025-07-06,4267.72
794,CUST1719,PRD2558,1,2025-06-14,566.92
795,CUST1018,PRD2748,2,2025-04-28,150.9
796,CUST1280,PRD2782,4,2025-07-09,2976.44
797,CUST1329,PRD2316,2,2024-08-20,831.36
798,CUST1228,PRD2792,4,2024-11-30,1614.64
799,CUST1149,PRD2771,5,2025-02-04,3530.7
800,CUST1325,PRD2297,1,2024-12-29,206.6
801,CUST1192,PRD2152,5,2025-04-08,5413.75
802,CUST1718,PRD2006,3,2025-05-12,2598.63
803,CUST1399,PRD2008,2,2024-09-26,524.36
804,CUST1334,PRD2400,2,2025-01-16,1305.76
805,CUST1498,PRD2585,2,2025-04-25,1152.56
806,CUST1531,PRD2285,5,2025-01-19,4100.35
807,CUST1182,PRD2134,3,2024-09-09,1971.48
808,CUST1097,PRD2238,4,2025-07-09,2064.52
809,CUST1712,PRD2164,2,2024-09-03,2229.5
810,CUST1667,PRD2436,3,2024-12-05,2601.69
811,CUST1726,PRD2646,5,2025-06-28,4947.25
812,CUST1752,PRD2483,1,2025-01-14,1071.97
813,CUST1669,PRD2780,5,2025-01-27,2979.4
814,CUST1761,PRD2798,4,2025-02-25,1835.24
815,CUST1702,PRD2302,3,2025-03-09,2734.98
816,CUST1705,PRD2353,5,2025-01-08,1699.0
817,CUST1284,PRD2440,5,2025-02-24,3715.0
818,CUST1549,PRD2146,1,2025-04-25,304.09
819,CUST1038,PRD2712,1,2025-06-04,511.51
820,CUST1169,PRD2482,5,2024-07-19,3055.6
821,CUST1136,PRD2430,3,2024-10-03,376.62
822,CUST1004,PRD2710,3,2024-11-30,2587.68
823,CUST1429,PRD2263,5,2025-04-13,638.0
824,CUST1438,PRD2203,2,2025-03-23,608.6
825,CUST1343,PRD2350,1,2024-07-21,192.56
826,CUST1388,PRD2043,5,2025-05-24,2897.3
827,CUST1758,PRD2792,1,2024-11-03,403.66
828,CUST1528,PRD2639,4,2024-07-29,1254.68
829,CUST1393,PRD2332,5,2025-03-29,4678.05
830,CUST1306,PRD2359,1,2024-11-25,148.96
831,CUST1391,PRD2476,2,2024-11-14,232.68
832,CUST1554,PRD2758,2,2025-05-16,1995.48
833,CUST1199,PRD2657,1,2024-08-13,364.32
834,CUST1739,PRD2546,1,2025-06-25,1008.31
835,CUST1007,PRD2492,1,2025-05-03,1193.1
836,CUST1094,PRD2198,5,2025-01-24,806.2
837,CUST1480,PRD2450,4,2024-12-18,2060.2
838,CUST1541,PRD2705,1,2025-01-30,879.12
839,CUST1354,PRD2172,1,2025-06-23,898.22
840,CUST1305,PRD2725,3,2025-03-19,2575.77
841,CUST1755,PRD2637,2,2025-02-06,313.34
842,CUST1206,PRD2226,1,2025-01-02,966.38
843,CUST1765,PRD2172,1,2024-09-22,898.22
844,CUST1502,PRD2358,1,2024-12-16,836.19
845,CUST1153,PRD2295,5,2025-04-16,3559.35
846,CUST1053,PRD2323,5,2024-07-16,2890.4
847,CUST1175,PRD2631,4,2025-03-23,254.84
848,CUST1508,PRD2462,3,2025-06-20,2174.46
849,CUST1542,PRD2115,3,2024-10-12,479.22
850,CUST1063,PRD2555,1,2025-03-22,1012.76
851,CUST1357,PRD2054,5,2025-01-23,4741.25
852,CUST1196,PRD2494,4,2025-07-08,2884.08
853,CUST1003,PRD2532,2,2025-06-10,2301.42
854,CUST1718,PRD2784,5,2025-05-20,3283.4
855,CUST1362,PRD2790,4,2025-02-20,3194.12
856,CUST1465,PRD2438,5,2025-03-19,2375.0
857,CUST1458,PRD2717,3,2025-01-07,1561.47
858,CUST1541,PRD2283,2,2025-04-16,803.2
859,CUST1255,PRD2425,1,2025-04-01,337.29
860,CUST1543,PRD2055,1,2024-09-03,1193.31
861,CUST1424,PRD2473,3,2025-02-26,1267.53
862,CUST1203,PRD2616,4,2024-11-27,2519.64
863,CUST1712,PRD2417,3,2025-01-01,815.1
864,CUST1759,PRD2369,1,2025-05-25,988.12
865,CUST1647,PRD2047,5,2025-05-03,4807.9
866,CUST1610,PRD2747,3,2025-06-27,1467.06
867,CUST1417,PRD2020,4,2024-11-08,800.0
868,CUST1383,PRD2429,4,2024-07-17,3312.36
869,CUST1056,PRD2076,3,2025-02-09,650.34
870,CUST1015,PRD2679,4,2025-03-03,4514.84
871,CUST1011,PRD2647,3,2025-05-18,1433.1
872,CUST1046,PRD2509,3,2024-12-19,1954.86
873,CUST1210,PRD2092,5,2025-01-26,5150.8
874,CUST1326,PRD2163,5,2025-03-02,3269.05
875,CUST1554,PRD2332,4,2024-08-13,3742.44
876,CUST1519,PRD2559,5,2024-08-07,3045.9
877,CUST1579,PRD2311,4,2025-06-05,4233.2
878,CUST1577,PRD2671,3,2025-02-07,3531.15
879,CUST1061,PRD2547,3,2024-12-15,1390.14
880,CUST1222,PRD2541,1,2024-09-09,414.86
881,CUST1667,PRD2662,4,2024-10-02,4076.24
882,CUST1152,PRD2271,4,2024-07-21,2094.64
883,CUST1090,PRD2224,3,2024-09-30,2594.52
884,CUST1345,PRD2222,5,2024-07-30,2653.55
885,CUST1400,PRD2488,1,2025-03-10,682.77
886,CUST1198,PRD2566,1,2025-06-10,1119.41
887,CUST1080,PRD2046,2,2024-08-10,1135.1
888,CUST1146,PRD2588,5,2025-02-25,5587.3
889,CUST1318,PRD2585,2,2024-09-07,1152.56
890,CUST1210,PRD2535,2,2025-01-29,497.22
891,CUST1645,PRD2422,5,2025-03-26,1307.95
892,CUST1441,PRD2084,5,2024-09-03,1456.1
893,CUST1675,PRD2445,3,2025-07-11,3468.54
894,CUST1324,PRD2588,2,2024-09-26,2234.92
895,CUST1627,PRD2227,3,2025-05-16,2466.93
896,CUST1759,PRD2610,3,2025-07-09,751.47
897,CUST1465,PRD2326,3,2024-07-21,1321.05
898,CUST1154,PRD2332,4,2024-11-25,3742.44
899,CUST1196,PRD2464,2,2024-07-16,146.02
900,CUST1210,PRD2639,2,2025-06-11,627.34
901,CUST1276,PRD2614,4,2025-06-14,4666.8
902,CUST1620,PRD2430,5,2025-03-15,627.7
903,CUST1515,PRD2792,3,2024-10-04,1210.98
904,CUST1020,PRD2768,4,2024-08-06,1405.32
905,CUST1600,PRD2293,5,2025-05-27,2491.2
906,CUST1048,PRD2783,5,2025-06-29,4097.65
907,CUST1354,PRD2457,2,2025-01-25,1392.36
908,CUST1630,PRD2639,5,2025-02-18,1568.35
909,CUST1746,PRD2192,1,2024-08-04,174.95
910,CUST1672,PRD2542,3,2025-02-05,1967.91
911,CUST1402,PRD2450,4,2024-10-05,2060.2
912,CUST1312,PRD2176,3,2025-05-06,650.88
913,CUST1715,PRD2269,3,2024-08-14,2868.39
914,CUST1626,PRD2270,5,2025-07-10,5376.0
915,CUST1297,PRD2559,2,2025-01-06,1218.36
916,CUST1476,PRD2414,3,2024-10-11,2023.17
917,CUST1341,PRD2592,5,2025-04-19,3684.7
918,CUST1688,PRD2464,4,2024-07-18,292.04
919,CUST1196,PRD2760,4,2024-08-31,824.2
920,CUST1641,PRD2277,4,2024-08-11,2844.0
921,CUST1308,PRD2063,2,2025-07-06,650.5
922,CUST1105,PRD2461,1,2024-07-18,301.25
923,CUST1229,PRD2088,1,2024-08-19,158.47
924,CUST1572,PRD2681,3,2025-01-21,2613.18
925,CUST1646,PRD2115,3,2025-03-31,479.22
926,CUST1586,PRD2330,1,2024-08-02,978.84
927,CUST1365,PRD2427,3,2024-12-26,1472.43
928,CUST1402,PRD2509,1,2025-01-17,651.62
929,CUST1282,PRD2307,5,2025-07-01,3111.95
930,CUST1199,PRD2776,5,2025-04-06,2473.55
931,CUST1515,PRD2258,3,2024-09-15,1814.79
932,CUST1748,PRD2464,2,2025-01-26,146.02
933,CUST1295,PRD2011,3,2025-06-23,839.31
934,CUST1091,PRD2454,5,2024-12-29,2884.55
935,CUST1362,PRD2059,1,2024-11-05,733.08
936,CUST1046,PRD2517,3,2024-10-02,1961.31
937,CUST1140,PRD2731,5,2025-02-07,5164.8
938,CUST1716,PRD2440,2,2025-02-20,1486.0
939,CUST1080,PRD2312,1,2024-09-14,1073.39
940,CUST1196,PRD2429,5,2024-11-09,4140.45
941,CUST1065,PRD2555,3,2024-11-07,3038.28
942,CUST1472,PRD2119,3,2025-03-18,3509.4
943,CUST1615,PRD2740,1,2024-10-27,787.43
944,CUST1400,PRD2725,5,2025-04-17,4292.95
945,CUST1363,PRD2225,5,2024-09-19,3439.4
946,CUST1563,PRD2298,4,2024-09-07,4299.2
947,CUST1607,PRD2709,2,2024-09-02,2138.56
948,CUST1257,PRD2400,1,2024-11-02,652.88
949,CUST1080,PRD2427,5,2025-06-06,2454.05
950,CUST1715,PRD2507,1,2024-12-07,298.74
951,CUST1406,PRD2404,3,2024-10-20,1632.48
952,CUST1798,PRD2175,4,2025-01-06,334.4
953,CUST1102,PRD2399,1,2025-03-19,544.65
954,CUST1152,PRD2393,5,2024-11-09,5414.4
955,CUST1585,PRD2540,5,2024-10-10,2731.05
956,CUST1406,PRD2493,3,2024-12-06,1869.69
957,CUST1122,PRD2179,4,2025-06-22,232.48
958,CUST1329,PRD2213,2,2024-11-13,149.4
959,CUST1636,PRD2203,1,2024-08-29,304.3
960,CUST1730,PRD2771,3,2025-01-13,2118.42
961,CUST1603,PRD2046,5,2024-12-25,2837.75
962,CUST1214,PRD2403,1,2025-07-02,904.14
963,CUST1135,PRD2379,3,2025-01-07,3409.68
964,CUST1635,PRD2587,3,2025-05-12,683.97
965,CUST1396,PRD2059,5,2024-08-11,3665.4
966,CUST1638,PRD2189,3,2025-06-29,3507.33
967,CUST1716,PRD2128,3,2025-02-28,2233.47
968,CUST1179,PRD2322,5,2025-01-07,4233.6
969,CUST1469,PRD2298,1,2025-04-30,1074.8
970,CUST1217,PRD2119,5,2024-09-19,5849.0
971,CUST1748,PRD2193,1,2025-01-25,205.94
972,CUST1391,PRD2123,3,2025-04-14,3134.58
973,CUST1113,PRD2129,3,2024-07-15,354.48
974,CUST1102,PRD2739,2,2025-06-11,1600.54
975,CUST1017,PRD2699,5,2024-12-04,440.05
976,CUST1233,PRD2477,4,2025-04-12,2878.96
977,CUST1790,PRD2358,1,2025-04-27,836.19
978,CUST1066,PRD2776,2,2024-10-25,989.42
979,CUST1246,PRD2613,4,2025-04-11,3381.84
980,CUST1598,PRD2539,2,2025-04-11,1625.78
981,CUST1363,PRD2052,2,2024-09-26,1911.46
982,CUST1579,PRD2760,4,2025-06-07,824.2
983,CUST1037,PRD2541,5,2024-08-21,2074.3
984,CUST1440,PRD2482,5,2025-04-03,3055.6
985,CUST1745,PRD2709,2,2025-03-12,2138.56
986,CUST1107,PRD2003,4,2024-08-01,2770.52
987,CUST1635,PRD2359,1,2024-10-29,148.96
988,CUST1363,PRD2589,3,2025-06-08,2150.16
989,CUST1362,PRD2148,3,2024-09-23,3462.45
990,CUST1065,PRD2125,4,2024-11-02,359.64
991,CUST1331,PRD2682,1,2024-08-20,794.12
992,CUST1730,PRD2598,4,2025-07-04,743.68
993,CUST1221,PRD2005,3,2024-10-15,3392.16
994,CUST1055,PRD2078,5,2025-06-01,4682.15
995,CUST1114,PRD2042,2,2025-05-16,2052.62
996,CUST1745,PRD2600,5,2025-06-17,5082.15
997,CUST1276,PRD2763,1,2025-04-03,937.25
998,CUST1727,PRD2522,4,2024-11-06,4639.24
999,CUST1094,PRD2019,5,2025-03-07,4819.2
1000,CUST1453,PRD2226,2,2025-01-07,1932.76
